{"cameraMode":{"drawMode":0,"name":"Shaded","section":"Shading Mode"},"sceneLighting":true,"audioPlay":false,"sceneViewState":{"showFog":true,"showMaterialUpdate":true,"showSkybox":true,"showFlares":true,"showImageEffects":true,"showParticleSystems":true},"in2DMode":false,"pivot":{"x":-25.972637176513673,"y":-3.5647029876708986,"z":-28.51390838623047},"rotation":{"x":-0.505764365196228,"y":0.25234517455101015,"z":-0.15761546790599824,"w":-0.8097460865974426},"size":48.92691421508789,"orthographic":false}